"assetType","slNo","customer","partName","partNo","revision","manufactureNo","manufactureYear","category","pressTonnage","mechNo","toolingLife","speed","model","cavityNo","incomingDate","location","size","weightKg","materialModel","thickness","materialWidthStep","ppepNo","blankingGap","designer","platingSupplier","productionFlowChart","firstSubmissionDate","designChangeDate","status","productPosition"
"Tooling","1","STL","Fixed Contact","51207084 / S1B38101B-BOI","18/00","L10.TD.61","2024","Progressive Tooling","80T","1#","15M","100","Progressive Tooling / （2 Cav.）","T1*T2","","","","","SPCC-SD","1","54*13","/ / SELV","Unilateral / 0.05mm","Yang","","Stamping---Plating---Packaging---Finished Product","2010.6.28","","Use","THAI"
"Tooling","2","STL","Bimetal Support Greco","51207070AB","13","L18.TL.147","2024","Progressive Tooling","110T","4#","15M","110","Progressive Tooling / （2 Cav.）","J1*J2","","","","","SPCC-SD","0.8","39*64","REG4-AAAGOJ","Unilateral / 0.05mm","Yang","","Stamping---Plating---Packaging---Finished Product","2018.10.8","2021.11.18 / change raw material width 39mm to 38mm","Scrap","THAI"
"Tooling","3","STL","MECH SIDE L/R","48187088&7089","04/05","L17.TL.222","2024","Progressive Tooling","150T","6#","15M","60","Progressive Tooling / （2 Cav.）","L/R","","","","","SPCC-4D","1.2","92*46","REG4-AAAFCI / REG4-AAAFCJ","Unilateral / 0.06mm","Yang","","Stamping---Tapping（M3.5)---Plating---Packaging---Finished Product","2017.12.21","","Use","THAI"
"Tooling","4","STL","PRIMARY LATCH","48187061AA / /S1B14877","04/00","L18.TL.145","2024","Progressive Tooling","110T","3#","15M","60","Progressive Tooling / （2 Cav.）","","","","","","SPFC-590","1","37*20","REG4-AAAKRO / REG4-AAAKRP","Unilateral / 0.05mm","Yang","","Stamping（in-tool tapping)---Plating---Packaging---Finished Product","2019.12,05","","Use","THAI"
"Tooling","5","STL","MIDDLE TERMINAL","48187096","01","D25.TL.177","2024","Progressive Tooling","80T","1#","10M","100","Progressive Tooling / （2 Cav.）","","","","","460","SPCC-4","1.5","48*10","REG4-AAAJGH","Unilateral / 0.07mm","GST","","Stamping---TAP----Plating---Packaging---Finished Product","2019.10.4","","Use","THAI"
"Tooling","6","STL","LOAD TERM-HI-LOW","48187055/255#3","04/04","COS Trophy / GST","2024","Progressive Tooling","80T","1#","10M","80","Progressive Tooling / （2 Cav.）","","","F1/A2-2","","","C1100","2","60*19","REG4-AAAHCM / REG4-AAAHCN","Unilateral / 0.08mm","GST","","Stamping---TAP----Plating---Packaging---Finished Product","2019.09。25","","Use","THAI"
"Tooling","7","STL","Magnet. Loop","48187070AA","02","COS Trophy / GST","2024","Progressive Tooling","80T","1#","10M","100","Progressive Tooling / （2 Cav.）","NO","","","","","SPCC-4D","1.5","72*11","REG4-AAAJGJ","Unilateral / 0.07mm","GST","","Stamping---Plating---Packaging---Finished Product","2019.10.4","","Use","THAI"
"Tooling","8","STL","PADLOCKING","48187864AA","02","COS Trophy / GST","2024","Progressive Tooling","80T","1#","10M","65","Progressive Tooling / （1 Cav.）","NO","","","","","SUS304-2B","2","34*29","REG4-AAAJGK","Unilateral / 0.07mm","GST","","Stamping---Plating---Packaging---Finished Product","2019.10.4","","Use","THAI"
"Tooling","9","STL","YOKE","48187064AA","03","COS Trophy / GST","2024","Progressive Tooling","110T","3#","10M","60","Progressive Tooling / （4 Cav.）","NO","","F1/A1-11","","","SPCC-4D","2","86*28.5","REG4-AAAHCL","Unilateral / 0.1mm","GST","","Stamping---Plating---Packaging---Finished Product","2019.09.25","","Use","THAI"
"Tooling","10","STL","UPPER LINK","48187060#4","03","L19TL251","2024","Progressive Tooling","110T","5#","10M","60","Progressive Tooling / （2 Cav.）","J1*J2","","F1/A3-12","","450","SPFC-590","1","92*31","REG4-AAAKWV","Unilateral / 0.05mm","LI JIAN","","Stamping---Plating---Packaging---Finished Product","2020.07","","Use","THAI"
"Tooling","11","SumiRiko Eastern Rubber (Thailand) Ltd. (ESIE Plant)","UPPER PLATE","TM-755A-1","C","L20.TS.48-1","2024","Progressive Tooling","300T","7#","5M","40","Progressive Tooling / （1 Cav.）","NO","","F1/Store Tool","","","SPH270C-OD","2.9","64*110","","Unilateral / 0.29mm","LIU","","Stamping+Riveting---Welding---Packaging---Finished Product","2020.02","","Use","THAI"
"Tooling","12","SumiRiko Eastern Rubber (Thailand) Ltd. (ESIE Plant)","UPPER PLATE","TM-755A-1","C","L20.TS.48-2","2024","Single Tooling","110T","7#","5M","60","Single Tooling","NO","","F1/Store Tool","","","SPH270C-OD","2.9","","","NO","LIU","","Stamping---Riveting---Welding---Packaging---Finished Product","2020.02","","Use","THAI"
"Tooling","13","SumiRiko Eastern Rubber (Thailand) Ltd. (ESIE Plant)","OUTER","SN-185B-1","B","L19TER001","2024","Progressive Tooling","500T","8#","5M","25","Progressive Tooling / （1 Cav.）","NO","","","","","SPCD","1.6","129*129","","Unilateral / 0.1mm","LIU","","Stamping---Packaging---Finished Product","2019.04.09","","Use","THAI"
"Tooling","14","STL","LOOP LINE-TERM HEIGHT/LOW","48187251AA/48187051AA","05/07","L18.TL.146","2024","Progressive Tooling","160T","","","70","Progressive Tooling / （1 Cav.）","J","","","","","T2Y2","2","105*20.5","REG4-AAACCX","Unilateral / 0.08mm","Hu Yongjian","","Stamping---TAP----Plating---Packaging---Finished Product","2018.10.31","","Use","CHINA"
"Tooling","15","STL","MAG TRIP FRAME 03/04","48187065AA","03/04","L18.TL.186","2024","Progressive Tooling","110T","","","45","Progressive Tooling / （2 Cav.）","U1/U2","","","","","H68Y","1","88*21.5","Pending","Unilateral / 0.06mm","Shen Xiaozhi","","Stamping---Degreasing---Packaging---Finished Product","2019.1.25","2021-9-4 / Part REV. from ""3""to""4""","Use","CHINA"
"Tooling","16","STL","GV2L32 SHUNT CUIVE","138980501A50","05","L19.TL.299","2024","Progressive Tooling","80T","","10M","80","Progressive Tooling / （2 Cav.）","","","","","","T2Y2","0.8","26.5*6","","Unilateral / 0.04mm","Li Jian","","Stamping---Degreasing---Packaging---Finished Product","2019.12.6","","Use","CHINA"
"Tooling","17","STL","GV2 Locking lever","138928901A50","04","L19.TL.300","2024","Progressive Tooling","110T","","5M","70","Progressive Tooling / （2 Cav.）","","","","","","T2Y2","0.8","64*14.5","","Unilateral / 0.05mm","Zhang Qinghao","","Stamping---Degreasing---Packaging---Finished Product","2020.04.23","","Use","CHINA"
"Tooling","18","STL","MOVING CONTACT","W213898370211C","06","L19.TL.250","2024","Progressive Tooling","110T","","10M","70","Progressive Tooling / （1 Cav.）","1","","","","","T2Y2","1","32*7","REG4-AAAKNY","Unilateral / 0.04mm","Zhang Qinghao","","Stamping---Plating---Packaging---Finished Product","2019.11.14","","Use","CHINA"
"Tooling","19","STL","ARC PLATE","51207117AD1","04","W19.TL.40","2024","Progressive Tooling","110T","","70M","96","Progressive Tooling / （12 Cav.）","1-12","","","","","SPCC","0.8","120*29.4","REG4-AAAOQA","Unilateral / 0.04mm","Zhaoxing","","Stamping---Plating---Packaging---Finished Product","2019.12.14","","Use","CHINA"
"Tooling","20","STL","2D FIXED CONTAC","SIB38101B / SIB38101B-BO","","L19.TL.302","2024","Progressive Tooling","110T","","60M","95","Progressive Tooling / （2 Cav.）","T5/T6","","","","","SPCC","1","50*13","REG4-AAAKWU","Unilateral / 0.07mm","Shen Xiaozhi","","Stamping---Plating---Welding---Packaging---Finished Product","2020.02.03","","Use","CHINA"
"Tooling","21","STL","TERMINAL CONNEXION STEELbrass","W116365250211 / W816365250111","","L19.TL.303","2024","Progressive Tooling","110T","","","60","Progressive Tooling / （2 Cav.）","1/2","","","","","DC01C390","1.5","67*19","REG4-AAAQHG / REG4-AAAQFC","Unilateral / 0.08mm","Hu Yongjian","","Stamping---Plating/Cleaning---Packaging---Finished Product","2020.04.29","","Use","CHINA"
"Tooling","22","SumiRiko Eastern Rubber (Thailand) Ltd. (ESIE Plant)","LOWER PLATE","SB-042C-2-1","","20-TER002","2024","Progressive Tooling","300T","7#","3M","35","Progressive Tooling / （1 Cav.）","NO","","F1/Stamping","","1496","SAPH440","3.6","127*98","","Unilateral / 0.43mm","ZhangXN","","Stamping---Packaging","2021.2.21","","Use","THAI"
"Tooling","23","SumiRiko Eastern Rubber (Thailand) Ltd. (ESIE Plant)","LOWER BASE","SB-042B-2-2-1","","20-TER003-1","2024","Progressive Tooling","300T","7#","3M","35","Progressive Tooling / （1 Cav.）","NO","","F1/E2-2","","250","SAPH440","3.6","102*90.5","","Unilateral / 0.43mm","LANCL","","Stamping---Packaging","2021.2.21","","Use","THAI"
"Tooling","24","SumiRiko Eastern Rubber (Thailand) Ltd. (ESIE Plant)","Passive Bracket Assembly","SB-042E-2-2","","20-TER003-2","2024","Progressive Tooling","110T","9#","3M","8","Progressive Tooling / （1 Cav.）","NO","","","","","SB-042B-2-2-1 / Bolt","","","","","LANCL","","Riveting---Packaging","2021.2.21","","Use","THAI"
"Tooling","25","SumiRiko Eastern Rubber (Thailand) Ltd. (ESIE Plant)","OUTER","TM-771A-1","","21-TER004","2024","Progressive Tooling","300T","7#","","30","Progressive Tooling / （1 Cav.）","NO","","","","","SPCD","1.2","165*164","","Unilateral / 0.08mm","LANK","","Stamping---Selecting---Packaging---Finished Product","2021.8.10","","Use","THAI"
"Tooling","26","SumiRiko Eastern Rubber (Thailand) Ltd. (ESIE Plant)","ORIFICE PLATE","TH-496A-2","","21-TER005","2024","Progressive Tooling","110T/150T","5#/6#","","30","Progressive Tooling / （1 Cav.）","NO","","","","","SPCC-SD","1.0","87*84","","Unilateral / 0.15mm","LANK","","Stamping---Packaging---Finished Product","2021.8.10","","Use","THAI"
"Tooling","27","SumiRiko Eastern Rubber (Thailand) Ltd. (ESIE Plant)","OUTER","TM-791A-1","","21-TER006","2024","Progressive Tooling","500T","8#","","20","Progressive Tooling / （2 Cav.）","NO","","F1/Stamping","","3081","SPHC-P/O","1.4","228*114","","Unilateral / 1.12mm","LJL","","Stamping---Packaging---Finished Product","2021.8.30","","Use","THAI"
"Tooling","28","SumiRiko Eastern Rubber (Thailand) Ltd. (ESIE Plant)","PLATE","TM-795A-1","","21-TER007","2024","Progressive Tooling","300T","7#","","20","Progressive Tooling / （2 Cav.）","DOT&NO DOT","","","","","SPCC-SD","1.0","146*64","","Unilateral / 0.08mm","Liu JiaWei","","Stamping---Packaging---Finished Product","2021.9.15","","Use","THAI"
"Tooling","29","STL","Armature High Amp","48187063#4","03","D21.TL.65","2024","Progressive Tooling","80T","1#","","70","Progressive Tooling / （2 Cav.）","1&2","","F1/A2-3","","215","SPCC-4D","1.0","64*22","REG4-AAAQBO","Unilateral / 0.04mm","Shen Xiaozhi","","Stamping---Plating---Packaging---Finished Product","2021.9.21","","Use","THAI"
"Tooling","30","STL","CLAMP PLATE","48187311#4","01","D21.TL.57","2024","Progressive Tooling","110T","5#","","80","Progressive Tooling / （3 Cav.）","One Dot &Two Dot & Without Dot","","F1/A2-9","","260","SPCC-4D","2.0","74*22","REG4-AAAPSK","Unilateral / 0.14mm","Hu Yongjian","","Stamping---Plating---Packaging---Finished Product","2021.9.21","","Use","THAI"
"Tooling","31","STL","CRADLE","48187058","05","D21.TL.43","2024","Progressive Tooling","110T","4#","","80","Progressive Tooling / （1 Cav.）","DOT","","F1/A3-3","","330","SPFC590","1.2","70*28","REG4-AAAQCY","Unilateral / 0.20mm","Hu Yongjian","","Stamping---Plating---Packaging---Finished Product","2021.9.22","","Use","THAI"
"Tooling","32","STL","Medium Arc Platel","48187097AA","00","D21.TL.61","2024","Progressive Tooling","80T","1#","","90","Progressive Tooling / （3 Cav.）","1&2&3","","","","","SPCC-4D","1.2","59*22.5","REG4-AAAQBP","Unilateral / 0.07mm","Zhaoxing","","Stamping---Plating---Packaging---Finished Product","2021.9.29","","Use","THAI"
"Tooling","33","STL","Arc Stack Top","48187104#4","00","D21.TL.62","2024","Progressive Tooling","80T","1#","","90","Progressive Tooling / （4 Cav.）","1&2&3&4","","F1/A3-5","","210","SPCC-4","1.2","78*13","REG4-AAAQBQ","Unilateral / 0.08mm","Hu Yongjian","","Stamping---Plating---Packaging---Finished Product","2021.9.29","","Use","THAI"
"Tooling","34","STL","Arc plate GV2","W113893530111","08","D21.TL.76","2024","Progressive Tooling","80T","1#","","80","Progressive Tooling / （8 Cav.）","1&2&3&4&5&6&7&8","","","","","SPCC-4D","0.8","88*25","REG4-AAAQUZ","Unilateral / 0.04mm","Shen Xiaozhi","","Stamping---Plating---Packaging---Finished Product","2021.9.29","","Use","THAI"
"Tooling","35","STL","High Arc Plate#5","48187053#5","00","D21.TL.64","2024","Progressive Tooling","80T","1#","","90","Progressive Tooling / （3 Cav.）","1&2&3","","F1/A2-11","","236","SPCC-4D","1.2","84*19","REG4-AAAQBN","Unilateral / 0.1mm","Zhang QingHao","","Stamping---Plating---Packaging---Finished Product","2021.9.29","","Use","THAI"
"Tooling","36","STL","Arc Stack Plate","48187199#3","02","D21.TL.63","2024","Progressive Tooling","80T","1#","","90","Progressive Tooling / （3 Cav.）","1&2&3","","F1/A2-7","","230","SPCC-4","1.6","63*19.5","REG4-AAAQBR","Unilateral / 0.08mm","Shen Xiaozhi","","Stamping---Plating---Packaging---Finished Product","2021.10.22","","Use","THAI"
"Tooling","37","STL","Handle Arm","48187057AA","05","D21.TL.56","2024","Progressive Tooling","110T","3#","","70","Progressive Tooling / （1 Cav.）","NO","","","","250","SPFC590","1.2","93*33.5","REG4-AAAPSF","Unilateral / 0.08mm","Zhang Qinghao","","Stamping---Plating---Packaging---Finished Product","2021.10.22","","Use","THAI"
"Tooling","38","STL","Secondary latch","48187062AA","06","D21.TL.75","2024","Progressive Tooling","150T","6#","","60","Progressive Tooling / （2 Cav.）","I1&I2","","","","","SPFC590","1.0","48*32","REG4-AAAPSE","Unilateral / 0.05mm","Lin Peng","","Stamping---Heat Treatment---Packaging---Finished Product","2021.10.22","","Use","THAI"
"Tooling","39","STL","Local Reinforcing Plate","GHM12023/S1B13956#2","01","D21.TL.78","2024","Progressive Tooling","80T","1#","","80","Progressive Tooling / （8 Cav.）","1&2&3&4&5&6&7&8","","F1/A1-7","","180","SPCC-SD","0.6","45*9.6","REG4-AAAQIJ","Unilateral / 0.04mm","Shen Xiaozhi","","Stamping---Plating---Riveting","2021.10.20","","Use","THAI"
"Tooling","40","STL","InPut Connector Greco","51207042#2","10","D21.TL.104","2024","Progressive Tooling","80T","2#","","150","Progressive Tooling / （2 Cav.）","DOT/NO DOT","","F1/A3-4","","180","SPCC-SD","1.0","50*11","REG4-AAASGO","Unilateral / 0.1mm","Shen Xiaozhi","","Stamping---Plating---Packaging---Finished Product","2021.11.27","","Use","THAI"
"Tooling","41","STL","Bimetal Support Greco#4","/ 51207070AB","13","D21.TL.38","2024","Progressive Tooling","110T","5#","","110","Progressive Tooling / （2 Cav.）","DOT/NO DOT","","","","","SPCC-SD","0.8","38*64","REG4-AAARNY","Unilateral / 0.08mm","LIJIAN","","Stamping---Plating---Packaging---Finished Product","2021.08.20","","Scrap","THAI"
"Tooling","42","STL","ARC PLATE GRECO（21年备模）","51207117#5","05","D21.TL.103","2024","Progressive Tooling","80T","2#","","180","Progressive Tooling / （14 Cav.）","1-14","","F1/A3-8","","600","SPCC-SD","0.8","141*29.4","REG4-AAASGQ","Unilateral / 0.04mm","Zhaoxing","","Stamping---Plating---Packaging---Finished Product","2021.10.20","","Use","THAI"
"Tooling","43","STL","LANCED LINE TERM.-HIGH&LOW","48187094AA / 48187095AA","05 / 07","D21.TL.53","2024","Progressive Tooling","150T/UMX110","","","60","Progressive Tooling / （1 Cav.）","NO","","","","","T2Y2","2","70.5*15.5","REG4-AAAPSI / REG4-AAAPSJ","Unilateral / 0.08mm","Hu Yongjian","","Stamping---Plating---Packaging---Finished Product","-","","Use","CHINA"
"Tooling","44","STL","BIMTEAL STRUT","W113896050411","20","D21.TL.77","2024","Progressive Tooling","110T","","","100","Progressive Tooling / （2 Cav.）","1&2","","","","","DC03C390 / 预镀铜","1.2","54*12","REG4-AAAQVA","Unilateral / 0.06mm","Hu Yongjian","","Stamping---clean---packaging---Finished Product","-","","Use","CHINA"
"Tooling","45","STL","JAW / jaw","NVE84462 / 51207154AB","00 / 06","D21.TL.58","2024","Progressive Tooling","110T","","","90","Progressive Tooling / （2 Cav.）","1&2","","","","","CuFe2P","1.2","62*21","REG4-AAAPSY / REG4-AAAPSX","Unilateral / 0.1mm","Shen Xiaozhi","","Stamping---Plating---Packaging---Finished Product","-","","Use","CHINA"
"Tooling","46","STL","Out put phase copper","S1B13954","1","D21.TL.79","2024","Progressive Tooling","110T","","","70","Progressive Tooling / （2 Cav.）","1&2","","","","","T2Y2","1.2","53*10","REG10-AAAQKT","Unilateral / 0.10mm","Lin Peng","","Stamping---Plating---Packaging---Finished Product","-","","Use","CHINA"
"Tooling","47","STL","BIMETAL SUPPORT(HIGH RATING) / BIMETAL SUPPORT","S1B83820&S1B22374","03 / 06","Transfer tooling","2024","Progressive Tooling","110T","","","60","Progressive Tooling / （1 Cav.）","H / NO","","","","","D03C390","1.2","22*24","REG4-AAARSZ / REG4-AAARSY","Unilateral / 0.11mm","","","Stamping---Clean---Packaging---Finished Product","-","","Use","CHINA"
"Tooling","48","STL","BLADE-MEDIUM/HIGH","48187092AA","01","D21.TL.54","2024","Progressive Tooling","110T","","","70","Progressive Tooling / （2 Cav.）","1&2","","","","","T2Y2","2","30*44.5","REG4-AAAPSG","Unilateral / 0.1mm","Zhaoxing","","Stamping---Clean---Packaging---Finished Product","-","","Use","CHINA"
"Tooling","49","STL","Blade-EMLB / Blade-LOW","GHJ16017 / 48187093AA","01 / 02","D21.TL.55","2024","Progressive Tooling","160T","","","60","Progressive Tooling / （2 Cav.）","1&2","","","","","T2Y2","2","31.5*45","REG4-AAASEE / REG4-AAAPSH","Unilateral / 0.08mm","Zhaoxing","","Stamping---Plating---Packaging---Finished Product","-","","Use","CHINA"
"Tooling","50","STL","MID - TERM / HEATER-I JR","48187254AA","03","Transfer tooling","2024","Progressive Tooling","110T","3#&5#","","50","Progressive Tooling / （1 Cav.）","1JR","","","","","1 JR TYPE 1 ELEC ALLOY CF ANL","2","30*28","REG4-AAASWK","","_","","Stamping---TAP----Plating---Packaging---Finished Product","2021-12-21","","Use","THAI"
"Tooling","51","SumiRiko Eastern Rubber (Thailand) Ltd. (ESIE Plant)","CUP","TM-818-1","","21-TER008","2024","Progressive Tooling","500T","8#","","25","Progressive Tooling / （1 Cav.）","NO","","","","","SPH270D-0D","3.2","140*128","","Unilateral / 0.38mm","TJD","","Stamping-Welding-Riveting-Selection-Packaging","2022-2-13","","Use","THAI"
"Tooling","52","SumiRiko Eastern Rubber (Thailand) Ltd. (ESIE Plant)","Outer","TM-806A-1","","21-TER009","2024","Progressive Tooling","500T","8#","","30","Progressive Tooling / （1 Cav.）","NO","","","","","SPC270D","1.6","208*179","","Unilateral / 0.14mm","SHAOHS","","Stamping---Packaging---Finished Product","2022-8-3","","Use","THAI"
"Tooling","53","SumiRiko Eastern Rubber (Thailand) Ltd. (ESIE Plant)","LWR PLATE","MC-103A-2","","23-TRE016","2024","Progressive Tooling","500T","8#","","30","Progressive Tooling / （1 Cav.）","NO","","","","","SAPH440","5.0","180*124","","Unilateral / 0.6mm","SHAOHS","","","","","Use","THAI"
"Tooling","54","SumiRiko Eastern Rubber (Thailand) Ltd. (ESIE Plant)","UPR CUP","SB-059C-2","","23-TRE017-1","2024","Progressive Tooling","500T","8#","","20","Progressive Tooling / （1 Cav.）","NO","","","","","SAPH440","2.6","232*220","","","ZHangXN","","Stamping---Packaging","","","Use","THAI"
"Tooling","55","SumiRiko Eastern Rubber (Thailand) Ltd. (ESIE Plant)","UPR CUP","SB-059C-2","","23-TRE017-2","2024","Single Tooling","260T","10#","","30","Single Tooling（1 Cav.）","NO","","","","","","","","","","LANK","","Stamping---Packaging","","","Use","THAI"
"Tooling","56","SumiRiko Eastern Rubber (Thailand) Ltd. (ESIE Plant)","UPR CUP","SB-059C-2","","23-TRE017-3","2024","Single Tooling","260T","10#","","30","Single Tooling（1 Cav.）","NO","","","","","","","","","","ZHangXN","","Stamping---Packaging","","","Use","THAI"
"Tooling","57","SumiRiko Eastern Rubber (Thailand) Ltd. (ESIE Plant)","UPR CUP","SB-059C-2","","23-TRE017-4","2024","Single Tooling","110T","9#","","30","Single Tooling（1 Cav.）","NO","","F1/Stamping","","350","SAPH440","","","","","RENLQ","","","13-02-2024","","Use","THAI"
"Tooling","58","SumiRiko Eastern Rubber (Thailand) Ltd. (ESIE Plant)","Diaphragm Outer","SB-064D-1","","23-TER010","2024","Progressive Tooling","500T","8#","","25","Progressive Tooling / （1 Cav.）","NO","","","","","SPCD","1.6","176*172","","Unilateral / 0.15mm","RENLQ","","Stamping---sorting 100%---Packaging---Finished Product","13-02-2024","","Use","THAI"
"Tooling","59","SumiRiko Eastern Rubber (Thailand) Ltd. (ESIE Plant)","Orifice Plate","SB-062C-2","","23-TER019","2024","Progressive Tooling","300T","7#","","30","Progressive Tooling / （1 Cav.）","NO","","","","","SPCC-SD","1.2","98*95","","Unilateral / 0.11mm","SHAOHS","","Stamping---sorting 100%---Packaging---Finished Product","13-02-2024","","Use","THAI"
"Tooling","60","SumiRiko Eastern Rubber (Thailand) Ltd. (ESIE Plant)","BRACKET","SB-068C-1-1","","23-TER011-1","2024","Progressive Tooling","500T","8#","","25","Progressive Tooling / （1 Cav.）","NO","","","","","SAPH440","5.0","260*104","","Unilateral / 0.6mm","YANGRJ","","Stamping---Packaging","","","Use","THAI"
"Tooling","61","SumiRiko Eastern Rubber (Thailand) Ltd. (ESIE Plant)","BRACKET","SB-068C-1-1","","23-TER011-2","2024","Single Tooling","260T","10#","","30","Single Tooling（1 Cav.）","NO","","F1/Store Tool","","300","SAPH440","","","","Unilateral / 0.6mm","ZHANGMY","","Stamping---Packaging","","","Use","THAI"
"Tooling","62","SumiRiko Eastern Rubber (Thailand) Ltd. (ESIE Plant)","UPPER BASE","SB-068C-1-2","","23-TER012","2024","Progressive Tooling","500T","8#","","25","Progressive Tooling / （1 Cav.）","NO","","","","","SAPH440","4.0","167*225","","Unilateral / 0.48mm","LANK","","Stamping---Packaging","","","Use","THAI"
"Tooling","63","SumiRiko Eastern Rubber (Thailand) Ltd. (ESIE Plant)","UPPER RING","SB-068A-1-3","","23-TER013","2024","Progressive Tooling","300T","7#","","30","Progressive Tooling / （1 Cav.）","NO","","","","","SAPH440","4.0","233*25","","Unilateral / 0.45mm","SHAOHS","","Stamping---Packaging","","","Use","THAI"
"Tooling","64","SumiRiko Eastern Rubber (Thailand) Ltd. (ESIE Plant)","PASSIVE BRACKET","SB-068C-2","","","2024","Die casting","","1#","","","Die casting（1 Cav.）","","","","","","","","","","","","","","15-02-2024","","Use","THAI"
"Tooling","65","SumiRiko Eastern Rubber (Thailand) Ltd. (ESIE Plant)","Bracket","SB-075B-1-1","","","2024","Die casting","","1#","","","Die casting（2 Cav.）","1&2","","","","","","","","","","","","","15-02-2024","","Use","THAI"
"Tooling","66","SumiRiko Eastern Rubber (Thailand) Ltd. (ESIE Plant)","HEAT SHIELD","SB-070B-1","","23-TER020-1","2024","Progressive Tooling","150T","6#","","60","Progressive Tooling / （1 Cav.）","NO","","","","","JIS G3314 SA1E","0.8","240*216","","Unilateral / 0.07mm","LANK","","Stamping---Packaging","","","Use","THAI"
"Tooling","67","SumiRiko Eastern Rubber (Thailand) Ltd. (ESIE Plant)","HEAT SHIELD","SB-070B-1","","23-TER020-2","2024","Single Tooling","110T","9#","","25","Single Tooling（1 Cav.）","NO","","","","","","","5120","","Unilateral / 0.06mm","SHAOHS","","Stamping---Packaging","","","Use","THAI"
"Tooling","68","SumiRiko Eastern Rubber (Thailand) Ltd. (ESIE Plant)","HEAT SHIELD","SB-070B-1","","23-TER020-3","2024","Single Tooling","110T","9#","","20","Single Tooling（1 Cav.）","NO","","","","280","JIS G3314 SA1E","","","","","YANGRJ","","Stamping---Packaging","","","Use","THAI"
"Tooling","69","SumiRiko Eastern Rubber (Thailand) Ltd. (ESIE Plant)","HEAT SHIELD","SB-070B-1","","23-TER020-4","2024","Single Tooling","110T","9#","","20","Single Tooling（1 Cav.）","NO","","","","","","","","","","ZHangXN","","Stamping---Packaging","","","Use","THAI"
"Tooling","70","SumiRiko Eastern Rubber (Thailand) Ltd. (ESIE Plant)","HEAT SHIELD","SB-070B-1","","23-TER020-5","2024","Single Tooling","110T","9#","","20","Single Tooling（1 Cav.）","NO","","F1/F2-1","","280","JIS G3314 SA1E","","","","Unilateral / 0.08mm","ZHANGMY","","Stamping---sorting 100%---Packaging---Finished Product","22-03-2024","","Use","THAI"
"Tooling","71","STL","Lower Link","48187059","","D23TL148","2024","Progressive Tooling","110T","4#","","80","Progressive Tooling / （1 Cav.）","J","","","","","SPCC-4D","1","45*21","","Unilateral / 0.05mm","","","","","","Use","THAI"
"Tooling","72","STL","Magnet Lanced HT Valide","48187068#4","","D23TL018","2024","Progressive Tooling","110T","3#,1#","","60","Progressive Tooling / （2 Cav.）","1&2","","F1/A2-8","","242.8","SPCC-4D","2","68*12","","","","","","","","Use","THAI"
"Tooling","73","STL","Lock,Slide","48187086#2","","D23TL019","2024","Progressive Tooling","110T","3#","","60","Progressive Tooling / （2 Cav.）","1&2","","F1/A1-6","","261.5","SPCC-4D","1.5","44*25","","","","","","","","Use","THAI"
"Tooling","74","STL","Output Connector Steel","S1B13952","","D23TL140","2024","Progressive Tooling","110T","3#","","80","Progressive Tooling / （2 Cav.）","31&32","","","","","SPCC-SD","1.2","47*9","","Unilateral / 0.06mm","","","","","","Use","THAI"
"Tooling","75","STL","Plate,Thread#2","48187084#2","","D23TL141","2024","Progressive Tooling","110T","5#","","80","Progressive Tooling / （1 Cav.）","↑ Mark","","F1/Stamping","","510","SPCC-4D","2","95*95","","Unilateral / 0.12mm","","","","","","Use","THAI"
"Tooling","76","STL","Bimetal Support Greco","51207070","","D23TL137","2024","Progressive Tooling","110T","6#","","100","Progressive Tooling / （2 Cav.）","51,52","","","","","SPCC-SD",".8","100*19.5","","Unilateral / 0.05mm","","","","","","Use","THAI"
"Tooling","77","STL","Bimetal Support Greco","51207070","","D23TL138","2024","Progressive Tooling","110T","6#","","100","Progressive Tooling / （2 Cav.）","61,62","","","","","SPCC-SD",".8","100*19.5","","Unilateral / 0.05mm","","","","","","Use","THAI"
"Tooling","78","STL","BETA Arc extinguishing chamber","72570400#1","","D23TL110","2024","Progressive Tooling","110T","2#","","100","Progressive Tooling / （12 Cav.）","1-12","","F1/A1-8","","210","SPCC-SD","0.8","93*44","","Unilateral / 0.04mm","","","","","","Use","THAI"
"Tooling","79","SEMB","CT3 Tetra A1 Coil Screw Terminal A1","172397001A50","","D23TL107","2024","Progressive Tooling","110T","3#","","50","Progressive Tooling / （1 Cav.）","A3","","F1/A3-8","","329","DC03-C390","1.2","86*16.5","","Unilateral / 0.05mm","","","","","","Use","THAI"
"Tooling","80","SEMB","CT3 Tetra A1 Coil Screw Terminal A2","W117239710111","","D23TL108","2024","Progressive Tooling","110T","3#","","50","Progressive Tooling / （1 Cav.）","A3","","","","","DC03C390(SPCC-4)","1..2","86*16.5","","Unilateral / 0.05mm","","","","","","Use","THAI"
"Tooling","81","SEMB","Coil Output A1","MFR7371002","","D23TL132","2024","Progressive Tooling","110T","3#","","50","Progressive Tooling / （2 Cav.）","NO","","F1/A1-4","","230","DC03-C390","1","60*10.5","","Unilateral / 0.06mm","","","","","","Use","THAI"
"Tooling","82","SEMB","Coil Output A2","MFR7371102","","","2024","Unknown","","","","","","","","","","","","","","","","","","","","","Use","Unknown"
"Tooling","83","SEMB","Coil Output B1","MFR73712","","D23TL133","2024","Progressive Tooling","80T","1#","","50","Progressive Tooling / （2 Cav.）","B1&B2","","F1/A1-10","","288","DC03C390(SPCC-4)","1","45*11","","Unilateral / 0.05mm","","","","","","Use","THAI"
"Tooling","84","SEMB","Coil Output B2","MFR73713","","","2024","Unknown","","","","","","","","","","","","","","","","","","","","","Use","Unknown"
"Tooling","85","SEMB","SORTIE BOBINE BORNE A1","W113791660114","","D23TL134","2024","Progressive Tooling","110T","3#","","50","Progressive Tooling / （1 Cav.）","A","","","","","DC03C390(SPCC-4)","1","47*10","","Unilateral / 0.05mm","","","","","","Use","THAI"
"Tooling","86","SEMB","SORTIE BOBINE BORNE A2","W113791670114","","D23TL135","2024","Progressive Tooling","110T","3#","","50","Progressive Tooling / （1 Cav.）","A","","","","","DC03C390(SPCC-4)","1","47*10","","Unilateral / 0.05mm","","","","","","Use","THAI"
"Tooling","87","STL","GV2 DEFLECTEUR MOBILE","W113890070111","","D23TL145","2024","Progressive Tooling","110T","3#","","55","Progressive Tooling / （ 6 Cav.）","31,32,33,34,35,36","","F1/A1-3","","230","SPCC-SD","0.8","132*21","","Unilateral / 0.04mm","","","","","","Use","THAI"
"Tooling","88","STL","GV2 P DEFLECTEUR MOBILE","W113890870111","","D23TL146","2024","Progressive Tooling","110T","3#","","55","Progressive Tooling / （ 6 Cav.）","31,32,33,34,35,36","","F1/A2-5","","260","SPCC-SD","0.8","132*21","","Unilateral / 0.04mm","","","","","","Use","THAI"
"Tooling","89","JOYSON","PLATE","1186500-AB","","Q24JS052","2024","Progressive Tooling","110T","3#","","90","Progressive Tooling / （1 Cav.）","NO","","","","","SPFC590","1","46*29","","","","","","","","Use","THAI"
"Tooling","90","JOYSON","CG BASE","1121416-AA","","Q24.JS.028","2024","Progressive Tooling","500T","8#","","25","Progressive Tooling / （1 Cav.）","NO","","","","","SPFH590","1.8","212*120","","Unilateral / 0.18mm","","","","","","Use","THAI"
"Tooling","91","JOYSON","CG BRACKET RH","2567476-AA","","Q24.JS.029","2024","Progressive Tooling","300T","7#","","30","Progressive Tooling / （1 Cav.）","NO","","","","","SPFH590","2.6","165*70","","","","","","","","Use","THAI"
"Tooling","92","JOYSON","CG TIE BAR","1118183-AA","","L155 T110","2024","Progressive Tooling","110T","","","","Progressive Tooling / （2 Cav.）","NO","","","","","SAPH440","2","48*72","","Unilateral / 0.14mm","","","","","","Use","THAI"
"Tooling","93","JOYSON","CG TIE BAR 92295","1106702-AA （1092295-AE1）","","L155 T111","2024","Progressive Tooling","110T","","","","Progressive Tooling / （1 Cav.）","NO","","","","410","SAPH440","1.6","71*63","","Unilateral / 0.1mm","","","","","","Use","THAI"
"Tooling","94","SumiRiko Eastern Rubber (Thailand) Ltd. (ESIE Plant)","OUTER","TM-865A-1","","Q24.TS.021","2024","Progressive Tooling","500T","8#","","25","Progressive Tooling / （1 Cav.）","NO","","","","","SPH270D-OD","1.6","184*182","","","","","","","","Use","THAI"
"Tooling","95","SumiRiko Eastern Rubber (Thailand) Ltd. (ESIE Plant)","OUTER","TM-860A-1","","Q24.TS.020","2024","Progressive Tooling","500T","8#","","25","Progressive Tooling / （1 Cav.）","NO","","","","","SPC270D","1.8","153*150","","","","","","","","Use","THAI"
"Tooling","96","SumiRiko Eastern Rubber (Thailand) Ltd. (ESIE Plant)","INNER","TM-865A-2","","","2024","Die casting","","","","","Die casting（1 Cav.）","","","","","","","","","","","","","","","","Use","THAI"
"Tooling","97","SumiRiko Eastern Rubber (Thailand) Ltd. (ESIE Plant)","ACTUATOR CUP","TM-867A-1","","24-TER021","2024","Progressive Tooling","500T","8#","","25","Progressive Tooling / （1 Cav.）","NO","","","","","SPC270C","1.2","142*139","","Unilateral / 0.11mm","","","","","","Use","THAI"
"Tooling","98","SumiRiko Eastern Rubber (Thailand) Ltd. (ESIE Plant)","RHS ACTIVE BRACKET","SB-069A-1","","","2024","Die casting","","","","","Die casting（1 Cav.）","NO","","","","","ADC12","","","","","","","","","","Use","THAI"
"Tooling","99","TESLA","3DU RESOLVER COVER","0135-0800005","","","2024","Die casting","","","","","Die casting（2 Cav.）","","","","","","","","","","","","","","","","Use","THAI"
"Tooling","100","SumiRiko Eastern Rubber (Thailand) Ltd. (ESIE Plant)","ASSIVE BRKT","SB-092A-2","","","2025","Die casting","","","","","Die casting（1 Cav.）","NO","","","","","ADC12","","","","","","","","","","Use","THAI"
"Tooling","101","SumiRiko Eastern Rubber (Thailand) Ltd. (ESIE Plant)","OUTER","SB-087A-1","","Q24.TS.091","2025","Progressive Tooling","300T","7#","","25","Progressive Tooling / （1 Cav.）","NO","","","","","SPHC","2","149*89","","Unilateral / 0.14mm","","","","","","Use","THAI"
"Tooling","102","STL","METAL BOX 4/6 WAY","NMS/BRU30887","02.3","D24TL129 D24TL132 D24TL133 D24TL134","2025","Single Tooling","200T,260T","10#,11#","","20","Single Tooling（1 Cav.）","NO","","","","","SPCC-SD","1","418*370.5","","","","","","","","Use","THAI"
"Tooling","103","STL","METAL BOX 8/10 WAY","NMS/BRU30888","02.2","D24TL130 D24TL132 D24TL133 D24TL134","2025","Single Tooling","200T,260T","10#,11#","","20","Single Tooling（1 Cav.）","NO","","","","","SPCC-SD","1","494*370.5","","","","","","","","Use","THAI"
"Tooling","104","STL","METAL BOX 14WAY","NMS/BRU30889","02.2","D24TL131 D24TL132 D24TL133 D24TL134","2025","Single Tooling","200T,260T","10#,11#","","20","Single Tooling（1 Cav.）","NO","","","","","SPCC-SD","1","570*370.5","","","","","","","","Use","THAI"
"Tooling","105","STL","METAL COVER 4WAY","NMS/BRU30890","02.3","D24TL127","2025","Single Tooling","200T","10#","","20","Single Tooling（1 Cav.）","NO","","","","","SPCC-SD","0.8","270*212.6","","","","","","","","Use","THAI"
"Tooling","106","STL","METAL COVER 6WAY","NMS/BRU30891","02.2","D24TL127","2025","Single Tooling","200T","10#","","20","Single Tooling（1 Cav.）","NO","","","","","SPCC-SD","0.8","","","","","","","","","Use","THAI"
"Tooling","107","STL","METAL COVER 8WAY","NMS/BRU30892","02.2","D24TL127","2025","Single Tooling","200T","10#","","20","Single Tooling（1 Cav.）","NO","","","","","SPCC-SD","0.8","346.*212.6","","","","","","","","Use","THAI"
"Tooling","108","STL","METAL COVER 10WAY","NMS/BRU30893","02.2","D24TL127","2025","Single Tooling","200T","10#","","20","Single Tooling（1 Cav.）","NO","","","","","SPCC-SD","0.8","","","","","","","","","Use","THAI"
"Tooling","109","STL","METAL COVER 14WAY","NMS/BRU30894","02.2","D24TL127","2025","Single Tooling","200T","10#","","20","Single Tooling（1 Cav.）","NO","","","","","SPCC-SD","0.8","423*212.6","","","","","","","","Use","THAI"
"Tooling","110","SumiRiko Eastern Rubber (Thailand) Ltd. (ESIE Plant)","STOPPER RING","SB-092B-1-3","","24-TER024","2025","Progressive Tooling","300T","7#","","25","Progressive Tooling / （1 Cav.）","NO","","","","","SAPH440","4","229*27","","","","","","","","Use","THAI"
"Tooling","111","SumiRiko Eastern Rubber (Thailand) Ltd. (ESIE Plant)","SPACER PLATE 1","SB-092A-1-4","","24-TER025","2025","Progressive Tooling","110T","3#","","55","Progressive Tooling / （1 Cav.）","NO","","","","295","SAPH440","2.6","104*66","","","","","","","","Use","THAI"
"Tooling","112","SumiRiko Eastern Rubber (Thailand) Ltd. (ESIE Plant)","SPACER PLATE 2","SB-092A-1-5","","24-TER026","2025","Progressive Tooling","300T","7#","","25","Progressive Tooling / （1 Cav.）","NO","","","","","SAPH440","5","109*64","","","","","","","","Use","THAI"
"Tooling","113","SumiRiko Eastern Rubber (Thailand) Ltd. (ESIE Plant)","ACTIVE BRACKET UPPER","SB-092B-1-1","","24-TER022-1","2025","Progressive Tooling","500T","8#","","25","Progressive Tooling / （1 Cav.）","NO","","","","","SAPH440","6.0","324*220","","Unilateral / 0.70mm","","","","","","Use","THAI"
"Tooling","114","SumiRiko Eastern Rubber (Thailand) Ltd. (ESIE Plant)","ACTIVE BRACKET UPPER","SB-092B-1-1","","24-TER022-2","2025","Single Tooling","260T","10#","","30","Single Tooling（1 Cav.）","NO","","","","","","","","","","","","","","","Use","THAI"
"Tooling","115","SumiRiko Eastern Rubber (Thailand) Ltd. (ESIE Plant)","ACTIVE BRACKET UPPER","SB-092B-1-1","","24-TER022-3","2025","Single Tooling","200T","11#","","20","Single Tooling（1 Cav.）","NO","","","","","","","","","","","","","","","Use","THAI"
"Tooling","116","SumiRiko Eastern Rubber (Thailand) Ltd. (ESIE Plant)","ACTIVE BRACKET UPPER","SB-092B-1-1","","24-TER022-4","2025","Single Tooling","260T","10#","","30","Single Tooling（1 Cav.）","NO","","","","","","","","","","","","","","","Use","THAI"
"Tooling","117","SumiRiko Eastern Rubber (Thailand) Ltd. (ESIE Plant)","ACTIVE BRACKET LOWER","SB-092B-1-2","","24-TER023","2025","Progressive Tooling","500T","8#","","25","Progressive Tooling / （1 Cav.）","NO","","","","","SAPH440","4.0","271*134","","Unilateral / 0.48mm","","","","","","Use","THAI"
"Tooling","118","JOYSON","AH BUCKLE BRACKET","1186603-AA","","Q24.JS.106","2025","Progressive Tooling","300T","7#","","40","Progressive Tooling / （1 Cav.）","NO","","","","","SPFH590","3.2","173*65","","","","","","","","Use","THAI"
"Tooling","119","JOYSON","DIFFUSER","1185583-AA","","Q24.JS.105","2025","Progressive Tooling","150T","6#","","30","Progressive Tooling / （1 Cav.）","NO","","","","","SECC E16/E16","0.8","86*85","","","","","","","","Use","THAI"
"Tooling","120","STL","METAL BOX WH CSL","PDB DBS30-8-U","","D24TL139","2025","Single Tooling","260T","10#","","30","Single Tooling（1 Cav.）","NO","","","","","SECC","1","254*549","","Unilateral / 0.05mm","","","","","","Use","THAI"
"Tooling","121","STL","METAL BOX WH CSL","PDB DBS45-8-U","","D24TL139","2025","Single Tooling","260T","10#","","30","Single Tooling（1 Cav.）","NO","","","","","SECC","1","388*552","","Unilateral / 0.05mm","","","","","","Use","THAI"
"Tooling","122","STL","METAL BOX WH CSL","PDB DBS60-8-U","","D24TL139","2025","Single Tooling","260T","10#","","30","Single Tooling（1 Cav.）","NO","","","","","SECC","1","522*552","","Unilateral / 0.05mm","","","","","","Use","THAI"
"Tooling","123","STL","METAL BOX","PDB DBF45-8-U","","D24TL137","2025","Single Tooling","260T","10#","","30","Single Tooling（1 Cav.）","NO","","","","","SECC","1","401*480","","Unilateral / 0.05mm","","","","","","Use","THAI"
"Tooling","124","STL","METAL BOX","PDB DBF60-8-U","","D24TL138","2025","Single Tooling","260T","10#","","30","Single Tooling（1 Cav.）","NO","","","","","SECC","1","535*480","","Unilateral / 0.05mm","","","","","","Use","THAI"
"Tooling","125","JOYSON","RETAINER KNEE","1185578-AC","","Q24.JS.108","2025","Progressive Tooling","500T","8#","","25","Progressive Tooling / （1 Cav.）","NO","","","","","SECC E16/16","1","267*225","","","","","","","","Use","THAI"
"Tooling","126","JOYSON","Retainer Bracket L&R","1185581/1185582-AA","","Q24.JS.110","2025","Progressive Tooling","500T","8#","","25","Progressive Tooling / （2 Cav.）","NO","","","","","SECC E16/16","1.6","400*75","","","","","","","","Use","THAI"
"Tooling","127","JOYSON","Retainer side plate L&R","1185579/1185580-AB","","Q24.JS.109","2025","Progressive Tooling","500T","8#","","25","Progressive Tooling / （2 Cav.）","NO","","","","","SECC E16/16","1","252*88","","","","","","","","Use","THAI"
"Tooling","128","SRK-A","PLATE","11-658A-3","","24-TER028","2025","Progressive Tooling","150T","6#","","","Progressive Tooling / （1 Cav.）","NO","","","","","SPHC","1..6","109*104","","","","","","","","Use","THAI"
"Tooling","129","SRK-A","INNER","11-669A-2","","24-TER027","2025","Progressive Tooling","500T","8#","","","Progressive Tooling / （1 Cav.）","NO","","F1/Stamping","","2570","SPHD","3.2","160*133","","","","","","","","Use","THAI"
"Tooling","130","STL","GLAND PLATE","75170148#3P2-3","","D24TL145 / D24TL146","2025","Single Tooling","110T","9#","","25","Single Tooling（1 Cav.）","NO","","F1/Store Tool","","350","SPCC-SD","1","180*420","","","","","","","","Use","THAI"
"Tooling","131","STL","LC600 BOX","75170145","","D24TL143(D25TL039)","2025","Single Tooling","260T","10#","","20","Single Tooling（1 Cav.）","NO","","","","","SPCC-SD","1.4","665.8*642","","","","","","","","Use","THAI"
"Tooling","132","STL","LC600 COVER","75170152","","D24TL148","2025","Single Tooling","200T","11#","","20","Single Tooling（1 Cav.）","NO","","","","","SPCC-SD","1.2","358*584","","","","","","","","Use","THAI"
"Tooling","133","STL","LC600 COVER","75170153","","D25TL158","2025","Single Tooling","200T","11#","","20","Single Tooling（1 Cav.）","NO","","","","","SPCC-SD","1.2","358*584","","","","","","","","Use","THAI"
"Tooling","134","STL","LC600 COVER","75170154","","D25TL158 / D24Tl149","2025","Single Tooling","200T,110T","11#,9#","","20","Single Tooling（1 Cav.）","NO","","","","","SPCC-SD","1.2","358*584","","","","","","","","Use","THAI"
"Tooling","135","STL","LC600 COVER","75170155","","D24TL148 / D24Tl149","2025","Single Tooling","200T,110T","11#,9#","","20","Single Tooling（1 Cav.）","NO","","","","","SPCC-SD","1.2","358*584","","","","","","","","Use","THAI"
"Tooling","136","STL","LC600 FLAT DOOR","75170162","","D24TL141","2025","Single Tooling","200T","11#","","20","Single Tooling（1 Cav.）","NO","","","","","SPCC-SD","1.2","423*595","","","","","","","","Use","THAI"
"Tooling","137","STL","LC600 CURVE DOOR","75170166","","Bending Machine","2025","Bending Machine","","","","","Bending Machine","NO","","","","","","0.7","463.7*550.4","","","","","","","","Use","THAI"
"Tooling","138","JOYSON","CE Base Frame RR","1185900","","Q25.JS.029","2025","Single Tooling","500T","8#","","25","Single Tooling（1 Cav.）","NO","","","","","SPFH590","2","221*107","","","","","","","","Use","THAI"
"Tooling","139","JOYSON","RR Upper Bracket","1170026","","Q25.JS.030","2025","Single Tooling","300T","7#","","25","Single Tooling（1 Cav.）","NO","","","","","SAPH440","2","83*70","","","","","","","","Use","THAI"
"Tooling","140","SumiRiko Eastern Rubber (Thailand) Ltd. (ESIE Plant)","OUTER (FE)","SB-100B-1","","Q25TS023","2025","Progressive Tooling","300T","7#","","25","Progressive Tooling / （1 Cav.）","NO","","","","","SPHC","2","149*94","","","","","","","","Use","THAI"
"Tooling","141","SumiRiko Eastern Rubber (Thailand) Ltd. (ESIE Plant)","BRKT","SB-104A-1-1","","Q25TS026-1","2025","Progressive Tooling","500T","8#","","25","Progressive Tooling / （1 Cav.）","NO","","","","","SAPH440","6","280*180","","","","","","","","Use","THAI"
"Tooling","142","SumiRiko Eastern Rubber (Thailand) Ltd. (ESIE Plant)","BRKT","SB-104A-1-1","","Q25TS026-2","2025","Single Tooling","200T","11#","","30","Single Tooling（1 Cav.）","NO","","","","","","","","","","","","","","","Use","THAI"
"Tooling","143","SumiRiko Eastern Rubber (Thailand) Ltd. (ESIE Plant)","BRKT","SB-104A-1-1","","Q25TS026-3","2025","Single Tooling","110T","9#","","30","Single Tooling（1 Cav.）","NO","","","","","","","","","","","","","","","Use","THAI"
"Tooling","144","SumiRiko Eastern Rubber (Thailand) Ltd. (ESIE Plant)","BRKT SUB ASSY","SB-104A-1-2","","Q25TS027","2025","Progressive Tooling","500T","8#","","25","Progressive Tooling / （1 Cav.）","NO","","","","","SAPH440","4","218*118","","","","","","","","Use","THAI"
"Tooling","145","SumiRiko Eastern Rubber (Thailand) Ltd. (ESIE Plant)","INNER","TH-11-711A-1","","","2025","Die casting","","","","","Die casting（4 Cav.）","1,2,3,4","","","","","","","","","","","","","","","Use","THAI"
"Tooling","146","SumiRiko Eastern Rubber (Thailand) Ltd. (ESIE Plant)","INNER","TH-11-712A-1","","","2025","Die casting","","","","","Die casting（4 Cav.）","1,2,3,4","","","","","","","","","","","","","","","Use","THAI"
"Tooling","147","SumiRiko Eastern Rubber (Thailand) Ltd. (ESIE Plant)","BRKT","TH-523A-1","","","2025","Die casting","","","","","Die casting（2 Cav.）","1,2","","","","","","","","","","","","","","","Use","THAI"
"Tooling","148","SumiRiko Eastern Rubber (Thailand) Ltd. (ESIE Plant)","BRKT","TH-524A-1","","","2025","Die casting","","","","","Die casting（1 Cav.）","NO","","","","","","","","","","","","","","","Use","THAI"
"Tooling","149","SumiRiko Eastern Rubber (Thailand) Ltd. (ESIE Plant)","BRKT(FE)","TH-538A-1","","25-TER029","2025","Progressive Tooling","500T","8#","","25","Progressive Tooling / （1 Cav.）","NO","","","","","SPCC-SD","3.2","198*176","","","","","","","","Use","THAI"
"Tooling","150","JOYSON","Retainer Ring Assembly","5036775-AA","","Q25.JS.051","2025","Progressive Tooling","300T","7#","","30","Progressive Tooling / （1 Cav.）","NO","","","","","DC51D Z90/90","1.2","152*130","","","","","","","","Use","THAI"
"Tooling","151","JOYSON","Retainer Ring Assembly","5036755-AA","","Q25.JS.054","2025","Single Tooling","110T","9#","","60","Single Tooling（1 Cav.）","NO","","F1/E2-1","","207","DC51D Z90/90","1.2","","","","","","","","","Use","THAI"
"Tooling","152","JOYSON","Inflator Bracket RH","5037025-AA","","Q25.JS.053","2025","Progressive Tooling","500T","8#","","25","Progressive Tooling / （2 Cav.）","NO","","","","","DC53D Z90/90","1.5","162*137","","","","","","","","Use","THAI"
"Tooling","153","JOYSON","Anti-Rotation Clip","5037028","","Q25JS052","2025","Progressive Tooling","110T","3#","","60","Progressive Tooling / （2 Cav.）","NO","","F1/A2-10","","395","DC53D Z90/90","1","87*20","","","","","","","","Use","THAI"
"Tooling","154","STL","UVR Latch","48187076","","Transfer Tool / GP MFG","2025","Progressive Tooling","80T","#1","","","Progressive Tooling / （1 Cav.）","NO","","F1/Store Tool","","","SPCC-4D","0.8","32*15","","","","","","","","Use","THAI"
"Tooling","155","STL","Lever, Shaft Release","48187087","","Transfer Tool / GP MFG","2025","Progressive Tooling","80T","#1","","","Progressive Tooling / （2 Cav.）","NO","","F1/Store Tool","","","SPCC-4D","2","70*13","","","","","","","","Use","THAI"
"Tooling","156","STL","Slide Plate","48187114","","Transfer Tool / GP MFG","2025","Progressive Tooling","80T","#1","","","Progressive Tooling / （1 Cav.）","NO","","F1/Store Tool","","","SPCC-4D","1","56*60","","","","","","","","Use","THAI"
"Tooling","157","STL","Resi Box Bracket","NVE96549","","D24TL165 / D24TL166 / D24TL167","2025","Single Tooling","200T / 260T / 200T","#11 / #10 / #11","","","Single Tooling（1 Cav.）","NO","","","","","SPCC-4D","1","272*250","","","","","","","","Use","THAI"
"Tooling","158","STL","BOX 2+6，6 WAY","NVE96520","","D25TL135 / D25TL139","2025","Single Tooling","200T / 260T","#11 / #10","","","Single Tooling（1 Cav.）","NO","","F1/Stamping","","520","SPCC-4D","1","343.8*210","","","","","","","","Use","THAI"
"Tooling","159","STL","BOX 2+10，10 WAY","NVE96528","","D25TL136 / D25TL139","2025","Single Tooling","200T / 260T","#11 / #10","","","Single Tooling（1 Cav.）","NO","","F1/Stamping","","520","SPCC-4D","1","343.8*286","","","","","","","","Use","THAI"
"Tooling","160","STL","BOX 2+14，14 WAY","NVE96535","","D25TL137 / D25TL139","2025","Single Tooling","200T / 260T","#11 / #10","","","Single Tooling（1 Cav.）","NO","","F1/Stamping","","520","SPCC-4D","1","343.8*362","","","","","","","","Use","THAI"
"Tooling","161","STL","BOX 2+18，18 WAY","NVE96543","","D25TL138 / D25TL139","2025","Single Tooling","260T / 260T","#10","","","Single Tooling（1 Cav.）","NO","","F1/Stamping","","520","SPCC-4D","1","343.8*512","","","","","","","","Use","THAI"
"Tooling","162","STL","Resi Cover Bracket","NVE96548","","D24TL093","2025","Progressive Tooling","300T","7#","","","Progressive Tooling / （1 Cav.）","NO","","","","","SPCC-SD","0.8","275*44","","","","","","","","Use","THAI"
"Tooling","163","STL","/ Resi Cover 4-Way / Resi Cover 6-Way / Resi Cover 10-Way / Resi Cover 14-Way / Resi Cover 4+4-Way / Resi Cover 18Way / Resi Cover 8+8Way / ResiCover 8+4Way /","QGH11468 / NVE96519 / NVE96526 / NVE96533 QGH13944 / NVE96542 / QGH14032 / QGH14027","","D25TL239 / D25TL129 / D25TL130","2025","Single Tooling","200T / 200T / 260T","11# / 11# / 10#","","","Single Tooling（1 Cav.）","NO","","F1","","810 / 920 / 1150","SPCC-SD","0.8","323 *250 / 323 *327 / 323 *408 / 323 *408 / 323 *533 / 323 *533 / 323 *533 /","","","","","","","","Use","THAI"
"Tooling","164","SANHUA","SHIELD, ASSY, RESOLVER","3507-2027","","Q25SH046","2025","Progressive Tooling","110T","5#","","","Progressive Tooling / （1 Cav.）","NO","","F1/Store Tool","","522","SAE1018","1","69*66","","","","","","","","Use","THAI"
"Tooling","165","SANHUA","SHIELD, RESOLVER STATOR","3605-2367","","Q25.SH.045","2025","Progressive Tooling","300T","7#","","","Progressive Tooling / （2 Cav.）","NO","","Store Tool","","1340","SAE1018","1","162*80","","","","","","","","Use","THAI"
"Tooling","166","TUOPU","LOW HOUSING-L","10383173","","W25.TP.010","2025","Progressive Tooling","300T","7#","","","Progressive Tooling / （1 Cav.）","NO","","","","","QSTE420TM","3","263*88","","","","","","","","Use","THAI"
"Tooling","167","TUOPU","LOW HOUSING-R","10383180","","W25.TP.011","2025","Progressive Tooling","300T","7#","","","Progressive Tooling / （1 Cav.）","NO","","","","","QSTE420TM","3","270*90","","","","","","","","Use","THAI"
"Tooling","168","TUOPU","UP HOUSING","10383172","","W25TP012-1","2025","Progressive Tooling","500T","8#","","","Progressive Tooling / （1 Cav.）","NO","","","","","QSTE420TM","3.5","326*107","","","","","","","","Use","THAI"
"Tooling","169","TUOPU","UP HOUSING","10383172","","W25TP012-2","2025","Single Tooling","300T","7#","","","Single Tooling（1 Cav.）","NO","","","","","","","","","","","","","","","Use","THAI"
"Tooling","170","TUOPU","UP HOUSING","10383179","","W25TP013-1","2025","Progressive Tooling","500T","8#","","","Progressive Tooling / （1 Cav.）","NO","","","","","QSTE420TM","3.5","335*110","","","","","","","","Use","THAI"
"Tooling","171","TUOPU","UP HOUSING","10383179","","W25TP013-2","2025","Single Tooling","300T","7#","","","Single Tooling（1 Cav.）","NO","","","","","","","","","","","","","","","Use","THAI"
"Tooling","172","TUOPU","REAR SUSPENSION LIMITER","10378575","","Q25.TP.055","2025","Progressive Tooling","300T","7#","","","Progressive Tooling / （1 Cav.）","NO","","","","","QSTE340TM","3.9","213*33","","","","","","","","Use","THAI"
"Tooling","173","TUOPU","LOWER SHEET METAL ASSEMBLY","10383086","","Q25.TP.056-1","2025","Progressive Tooling","300T","7#","","","Progressive Tooling / （1 Cav.）","NO","","F1/Store Tool","","1380","QSTE340TM","3.7","155*112","","","","","","","","Use","THAI"
"Tooling","174","TUOPU","LOWER SHEET METAL ASSEMBLY","10383086","","Q25.TP.056-2","2025","Single Tooling","110T","9#","","","Single Tooling（1 Cav.）","NO","","F1/Stamping","","260","QSTE340TM","","","","","","","","","","Use","THAI"
"Tooling","175","TUOPU","LOWER SHEET METAL ASSEMBLY","10383086","","Q25.TP.056-3","2025","Single Tooling","110T","9#","","","Single Tooling（1 Cav.）","NO","","","","","","","","","","","","","","","Use","THAI"
"Tooling","176","SumiRiko Eastern Rubber (Thailand) Ltd. (ESIE Plant)","BRKT(FE)","TH-538A-2-1","","25-TER030-1","2025","Progressive Tooling","500T","8#","","","Progressive Tooling / （1 Cav.）","NO","","","","","JSH440W","2.9","210*205","","","","","","","","Use","THAI"
"Tooling","177","SumiRiko Eastern Rubber (Thailand) Ltd. (ESIE Plant)","BRKT(FE)","TH-538A-2-1","","25-TER030-2","2025","Single Tooling","110T","9#","","","Single Tooling（1 Cav.）","NO","","","","","","","","","","","","","","","Use","THAI"
"Tooling","178","SumiRiko Eastern Rubber (Thailand) Ltd. (ESIE Plant)","BRKT(FE)","TH-538A-2-1","","25-TER030-2.5","2025","Single Tooling","110T","9#","","","Single Tooling（1 Cav.）","NO","","","","","","","","","","","","","","","Use","THAI"
"Tooling","179","SumiRiko Eastern Rubber (Thailand) Ltd. (ESIE Plant)","BRKT(FE)","TH-538A-2-1","","25-TER030-3","2025","Single Tooling","110T","9#","","","Single Tooling（1 Cav.）","NO","","","","","","","","","","","","","","","Use","THAI"
"Tooling","180","SumiRiko Eastern Rubber (Thailand) Ltd. (ESIE Plant)","BRKT(FE)","TH-538A-2-2","","25TER031","2025","Progressive Tooling","500T","8#","","","Progressive Tooling / （1 Cav.）","NO","","","","","JSH270C","1.6","119*108","","","","","","","","Use","THAI"
"Tooling","181","STL","U BOX 450mm","BRU53714","","D25TL066 / D25TL067","2025","Single Tooling","260T / 260T","10#","","","Single Tooling（1 Cav.）","NO","","","","","SPCC-SD","1.4","675*456","","","","","","","","Use","THAI"
"Tooling","182","STL","Extension BOX","NAT18070","","D25TL066 / D25TL067 / D25TL064","2025","Single Tooling","260T / 260T / 200T","10# / 11#","","","Single Tooling（1 Cav.）","NO","","","","","","","","","","","","","","","Use","THAI"
"Tooling","183","STL","U BOX 600mm","BRU53715","","D25TL066 / D25TL068","2025","Single Tooling","260T / 260T","10#","","","Single Tooling（1 Cav.）","NO","","","","","SPCC-SD","1.4","675*606","","","","","","","","Use","THAI"
"Tooling","184","STL","U BOX 750mm","BRU53716","","D25TL066 / D25TL069","2025","Single Tooling","260T / 260T","10#","","","Single Tooling（1 Cav.）","NO","","","","","SPCC-SD","1.4","675*756","","","","","","","","Use","THAI"
"Tooling","185","STL","U BOX 900mm","BRU53771","","D25TL066 / D25TL070","2025","Single Tooling","260T / 260T","10#","","","Single Tooling（1 Cav.）","NO","","","","","SPCC-SD","1.4","675*906","","","","","","","","Use","THAI"
"Tooling","186","STL","Gland plate","BRU53717","","D25TL071 / D25TL072 / D25TL073","2025","Progressive Tooling","500T / 200T / 200T","8# / 11#","","","Progressive Tooling / （1 Cav.）","NO","","F1/Stamping","","538","SPCC-SD","1.2","478*178","","","","","","","","Use","THAI"
"Tooling","187","STL","Door 450mm","BRU53743","","D25TL005","2025","Single Tooling","200T","11#","","","Single Tooling（1 Cav.）","NO","","","","","SPCC-SD","1.2","415*485","","","","","","","","Use","THAI"
"Tooling","188","STL","Door 600mm","BRU53744","","D25TL076","2025","Single Tooling","260T","10#","","","Single Tooling（1 Cav.）","NO","","","","","SPCC-SD","1.2","415*635","","","","","","","","Use","THAI"
"Tooling","189","STL","Door 750mm","BRU53747","","D25TL077","2025","Single Tooling","260T","10#","","","Single Tooling（1 Cav.）","NO","","","","","SPCC-SD","1.2","415*790","","","","","","","","Use","THAI"
"Tooling","190","STL","Door 900mm","BRU53749","","D25TL078","2025","Single Tooling","260T","10#","","","Single Tooling（1 Cav.）","NO","","F1/Stamping","","1746","SPCC-SD","1.2","415*930","","","","","","","","Use","THAI"
"Tooling","191","STL","Cover EZ100 450mm 12w","BRU53718","","D25TL092","2025","Single Tooling","260T","10#","","","Single Tooling / (Common)","NO","","","","","SPCC-SD","1.4","357.4*420","","","","","","","","Use","THAI"
"Tooling","192","STL","Cover LUG250 450mm 12w","BRU53738","","","2025","Unknown","","","","","","","","","","","SPCC-SD","1.4","357.4*420","","","","","","","","Use","THAI"
"Tooling","193","STL","Cover LUG100 450mm 12w","BRU53724","","D25TL080 / D25TL092","2025","Single Tooling","110T / 260T","9# / 10#","","","Single Tooling / (Common)","NO","","F1/Store Tool","","550","SPCC-SD","1.4","357.4*420","","","","","","","","Use","THAI"
"Tooling","194","STL","Cover LUG100 450mm 18w","BRU53725","","","2025","Unknown","","","","","","","","","","","SPCC-SD","1.4","357.4*420","","","","","","","","Use","THAI"
"Tooling","195","STL","EXTENSION BOX COVER","NAT18071","","D25TL092","2025","Single Tooling","260T","10#","","","Single Tooling / (Common)","NO","","","","","SPCC-SD","1.4","357.4*420","","","","","","","","Use","THAI"
"Tooling","196","STL","Cover EZ100 600mm 18w","BRU53719","","D25TL092","2025","Single Tooling","260T","10#","","","Single Tooling / (Common)","NO","","","","","SPCC-SD","1.4","357.4*570","","","","","","","","Use","THAI"
"Tooling","197","STL","Cover LUG250 600mm 18w","BRU53739","","","2025","Unknown","","","","","","","","","","","SPCC-SD","1.4","357.4*570","","","","","","","","Use","THAI"
"Tooling","198","STL","Cover LUG100 600mm 30w","BRU53727","","D25TL083 / D25TL092","2025","Single Tooling","200T / 260T","11# / 10#","","","Single Tooling / (Common)","NO","","","","","SPCC-SD","1.4","357.4*570","","","","","","","","Use","THAI"
"Tooling","199","STL","Cover LUG250 600mm 24w","BRU53740","","D25TL082 / D25TL092","2025","Single Tooling","200T / 260T","11# / 10#","","","Single Tooling / (Common)","NO","","","","","SPCC-SD","1.4","357.4*570","","","","","","","","Use","THAI"
"Tooling","200","STL","Cover LUG250 600mm 30w","BRU53741","","","2025","Unknown","","","","","","","","","","","SPCC-SD","1.4","357.4*570","","","","","","","","Use","THAI"
"Tooling","201","STL","Cover LUG100 600mm 24w","BRU53726","","D25TL083 / D25TL092","2025","Single Tooling","200T / 260T","11# / 10#","","","Single Tooling / (Common)","NO","","","","","SPCC-SD","1.4","357.4*570","","","","","","","","Use","THAI"
"Tooling","202","STL","Cover LUG100 600mm 36w","BRU53728","","","2025","Unknown","","","","","","","","","","","SPCC-SD","1.4","357.4*570","","","","","","","","Use","THAI"
"Tooling","203","STL","Cover EZ100 600mm 24w","BRU53720","","D25TL082 / D25TL092","2025","Single Tooling","200T / 260T","11# / 10#","","","Single Tooling / (Common)","NO","","","","","SPCC-SD","1.4","357.4*570","","","","","","","","Use","THAI"
"Tooling","204","STL","Cover EZ100 600mm 30w","BRU53721","","","2025","Unknown","","","","","","","","","","","SPCC-SD","1.4","357.4*570","","","","","","","","Use","THAI"
"Tooling","205","STL","Cover EZ250 600mm 12w","BRU53730","","D25TL092","2025","Single Tooling","260T","10#","","","Single Tooling / (Common)","NO","","","","","SPCC-SD","1.4","357.4*570","","","","","","","","Use","THAI"
"Tooling","206","STL","Cover EZ250 600mm 18w","BRU53731","","","2025","Unknown","","","","","","","","","","","SPCC-SD","1.4","357.4*570","","","","","","","","Use","THAI"
"Tooling","207","STL","Cover EZ100 750mm 36w","BRU53722","","D25TL085 / D25TL092","2025","Single Tooling","260T /","10#","","","Single Tooling / (Common)","NO","","","","","SPCC-SD","1.4","357.4*720","","","","","","","","Use","THAI"
"Tooling","208","STL","Cover EZ100 750mm 42w","BRU53723","","","2025","Unknown","","","","","","","","","","","SPCC-SD","1.4","357.4*720","","","","","","","","Use","THAI"
"Tooling","209","STL","Cover LUG250 750mm 42w","BRU53745 / Cancel","","","2025","Unknown","","","","","","","","","","","SPCC-SD","1.4","357.4*720","","","","","","","","Use","THAI"
"Tooling","210","STL","Cover LUG100 750mm 42w","BRU53729","","","2025","Unknown","","","","","","","","","","","SPCC-SD","1.4","357.4*720","","","","","","","","Use","THAI"
"Tooling","211","STL","Cover LUG250 750mm 36w","BRU53742","","","2025","Unknown","","","","","","","","","","","SPCC-SD","1.4","357.4*720","","","","","","","","Use","THAI"
"Tooling","212","STL","Cover EZ250 750mm 24w","BRU53732","","D25TL092","2025","Single Tooling","260T","10#","","","Single Tooling / (Common)","NO","","","","","SPCC-SD","1.4","357.4*720","","","","","","","","Use","THAI"
"Tooling","213","STL","Cover EZ250 750mm 30w","BRU53734","","","2025","Unknown","","","","","","","","","","","SPCC-SD","1.4","357.4*720","","","","","","","","Use","THAI"
"Tooling","214","STL","Cover EZ250 900mm 36w","BRU53735","","D25TL092","2025","Single Tooling","260T","10#","","","Single Tooling / (Common)","NO","","","","","SPCC-SD","1.4","357.4*872","","","","","","","","Use","THAI"
"Tooling","215","STL","Cover EZ250 900mm 42w","BRU53736","","","2025","Unknown","","","","","","","","","","","SPCC-SD","1.4","357.4*872","","","","","","","","Use","THAI"
"Tooling","216","STL","Cover EZ250 900mm 48w","BRU53737","","","2025","Unknown","","","","","","","","","","","SPCC-SD","1.4","357.4*872","","","","","","","","Use","THAI"
"Tooling","217","STL","Cover LUG250 900mm 48w","BRU53746","","","2025","Unknown","","","","","","","","","","","SPCC-SD","1.4","357.4*872","","","","","","","","Use","THAI"
"Tooling","218","STL","Arc stack side Left,#4","48187102","","D25TL179","2025","Progressive Tooling","110T","9#","","30","Progressive Tooling / （4 Cav.）","NO","","F1/Stamping","","340","G9","1.0","100*70","","","","","","","","Use","THAI"
"Tooling","219","STL","Arc stack side right,#4","48187110#4","","D25TL178","2025","Progressive Tooling","110T","9#","","30","Progressive Tooling / （4 Cav.）","NO","","","","","G9","1.0","100*70","","","","","","","","Use","THAI"
"Tooling","220","STL","Arc stack side Medium,#4","48187111","","D25TL180","2025","Progressive Tooling","110T","9#","","30","Progressive Tooling / （4 Cav.）","NO","","F1/Store Tool","","340","GP0-3","1.0","100*70","","","","","","","","Use","THAI"
"Tooling","221","JOYSON","STAY UPPER 0092","1189785","","Q25.JS.072","2026","Progressive Tooling","300T","7#","","25","Progressive Tooling / （2 Cav.）","1,2","","F1/Stamping","","1995","SPFH590","2","218*69","","","","","","","","Use","THAI"
"Tooling","222","JOYSON","CJ BASE","48187096","","Q25.TR.073","2026","Progressive Tooling","500T","8#","","25","Progressive Tooling / （1 Cav.）","NO","","F1/Stamping","","2680","SPFH590","2","228*109","","","","","","","","Use","THAI"
"Tooling","223","JOYSON","TIE BAR 0088","1160088","","Q25.JS.071","2026","Progressive Tooling","150T","6#","","50","Progressive Tooling / （2 Cav.）","1,2","","F1/Stamping","","678","SPFH590","1.6","95*79","","","","","","","","Use","THAI"
"Tooling","224","STL","SWITCH MECHANISM ROD 1","AAV18685","","D25TL203","2026","Progressive Tooling","110T","5#","","50","Progressive Tooling / （2 Cav.）","Dot,No Dot","","","","","SUS301","1","41*10","","","","","","","","Use","THAI"
"Tooling","225","STL","SWITCH MECHANISM ROD 1 PRESSED FIT","AAV62979","","D25TL208","2026","Progressive Tooling","110T","5#","","50","Progressive Tooling / （2 Cav.）","Dot,No Dot","","","","","SUS301","1","41*10","","","","","","","","Use","THAI"
"Tooling","226","STL","SWITCH MECHANISM FLANGE","AAV18695","","W25TL004","2026","Progressive Tooling","110T","4#","","70","Progressive Tooling / （1 Cav.）","NO","","","","","SUS430","0.8","40*28","","","","","","","","Use","THAI"
"Tooling","227","STL","SWITCH MECHANISM FRAME","AAV18687","","W25TL005","2026","Progressive Tooling","150T","6#","","70","Progressive Tooling / （1 Cav.）","NO","","","","","SUS430","0.8","48*38","","","","","","","","Use","THAI"
"Tooling","228","JOYSON","CJ BASE FRAME 8709","5038709","","Q25.JS.075","2026","Progressive Tooling","500T","8#","","25","Progressive Tooling / （1 Cav.）","","","","","","SPFH590","2","232*109","","","","","","","","Use","THAI"
"Tooling","229","JOYSON","CJ TIE BAR IEA 8710","5038710","","Q25.JS.076","2026","Progressive Tooling","300T","7#","","30","Progressive Tooling / （2 Cav.）","","","F1/Stamping","","890","SPFH590","1.6","175*65","","","","","","","","Use","THAI"
"Tooling","230","JOYSON","CJ UPPER STAY FR, RH","5038517-AA0","","Q25.JS.078","2026","Progressive Tooling","500T","8#","","30","Progressive Tooling / （2 Cav.）","","","F1/Stamping","","3716","SPFH590","2","269*94","","","","","","","","Use","THAI"
"Tooling","231","JOYSON","CJ UPPER STAY FR, LH","5038515","","Q25.JS.077","2026","Progressive Tooling","500T","8#","","30","Progressive Tooling / （2 Cav.）","","","F1/Stamping","","2596","SPFH590","2","283*69","","","","","","","","Use","THAI"
"Tooling","232","STL","SWITCH MECHANISM ROD 2","AAV18686","","D25.TL.204","2026","Progressive Tooling","110T","","","","Progressive Tooling / （2 Cav.）","","","F1/Store Tool","","180","SUS301","1","18*12","","","","","","","","Use","THAI"
"Tooling","233","STL","Switch mechanism plate/Switch mechanism plate pressed","AAV18694 / &AAV62978","","D25TL205","2026","Progressive Tooling","110T","","","","Progressive Tooling / （1+1 Cav.）","","","F1/","","210","SUS301","1","53*13","","","","","","","","Use","THAI"
"Jig-Fixture","1","SumiRiko Eastern Rubber (Thailand) Ltd. (ESIE Plant)","PASSIVE BRACKET","SB-068C-2","","","","CNC","","","","","","4 Cav.","","","","","","","","","","","","","","","Use","THAI"
"Jig-Fixture","2","SumiRiko Eastern Rubber (Thailand) Ltd. (ESIE Plant)","Bracket","SB-075B-1-1","","","","CNC","","","","","","2 Cav.","","","","","","","","","","","","","","","Use","THAI"
"Jig-Fixture","3","SumiRiko Eastern Rubber (Thailand) Ltd. (ESIE Plant)","RHS ACTIVE BRACKETT","SB-069A-1","","","","CNC","","","","","","2 Cav.","","","","","","","","","","","","","","","Use","THAI"
"Jig-Fixture","4","SumiRiko Eastern Rubber (Thailand) Ltd. (ESIE Plant)","ASSIVE BRKT","SB-092A-2","","QT24.TS053","","CNC","","","","","","2 Cav.","","","","","","","","","","","","","","","Use","THAI"
"Jig-Fixture","5","Tesla","1095273-03-A","0135-0800005","","WQT.24SH03","","CNC","","","","","","2 Cav.","","F1/Store Tool","","50","","","","","","","","","","","Use","THAI"
"Jig-Fixture","6","Tesla","1095273-03-A","0135-0800005","","WQT.24SH04","","CNC","","","","","","2 Cav.","","F1/Store Tool","","50","","","","","","","","","","","Use","THAI"
"Jig-Fixture","7","SumiRiko Eastern Rubber (Thailand) Ltd. (ESIE Plant)","UPPER PLATE","TM-755A-1","","Jig-fixtureTM-755A-1","2020","Spot welding","","","","","jig fixture/TM-755A-1","1 Cav.","","","","","","","","","","","","","","","Use","THAI"
"Jig-Fixture","8","SumiRiko Eastern Rubber (Thailand) Ltd. (ESIE Plant)","Passive Bracket Assembly","SB-042E-2","","WT20.TS.23","2020","Co2 welding","","","","","","2 Cav.","","","","","","","","","","","","","","","Use","THAI"
"Jig-Fixture","9","SumiRiko Eastern Rubber (Thailand) Ltd. (ESIE Plant)","UPR ACTIVE ASSEMBLY","SB-068C-1","","EY-23JR05-01 EY-23JR05-02","2024","Co2 welding","","","","","","1 Cav.","","","","","","","","","","","","","","","Use","THAI"
"Jig-Fixture","10","JOYSON","CG BASE","1121416-AFO","","QT24.JS.018","2024","Spot welding","","","","","","1 Cav.","","","","","","","","","","","","","","","Use","THAI"
"Jig-Fixture","11","JOYSON","CG BASE","1121416-AFO","","QT24.JS.017-1","2024","Reveting","","","","","","1 Cav.","","","","","","","","","","","","","","","Use","THAI"
"Jig-Fixture","12","JOYSON","CG BASE","1121416-AFO","","QT24.JS.017-2","2024","Reveting","","","","","","1 Cav.","","","","","","","","","","","","","","","Use","THAI"
"Jig-Fixture","13","JOYSON","CG BASE","1121416-AFO","","QT24.JS.017-3","2024","Reveting","","","","","","1 Cav.","","","","","","","","","","","","","","","Use","THAI"
"Jig-Fixture","14","SumiRiko Eastern Rubber (Thailand) Ltd. (ESIE Plant)","ACTIVE ASSEMBLY","SB-092B-1","","24.JR.0501 24.JR.0502","2025","Co2 welding","","","","","","1 Cav.","","","","","","","","","","","","","","","Use","THAI"
"Jig-Fixture","15","JOYSON","RETAINER COMP KNEE","1185577","","QT24.JS.073","2025","Spot welding","","","","","","1 Cav.","","F1/Robot spot","","495","Cr12MoV","","","","","","","","","","Use","THAI"
"Jig-Fixture","16","STL","ARC STACK ASSEMBLY-MEDIUM","S1A23976-D","04","JY-48187714AA","","Assembly","","1#","","30","Assemble machine / （1 Cav.）","NO","","","","","48187104AA / 48187097AA / 48187111AA","","","/ / SELV","Unilateral / 0.05mm","LIU PING","","Stamping---Packaging---Finished Product","2010.6.28","","Use","THAI"
"Jig-Fixture","17","STL","ARC STACK ASSEMBLY-HIGH","S1A23969-D","00","JY-8187713AA","","Assembly","","2#","","25","Assemble machine / （1 Cav.）","NO","","","","","48187053AA","","","REG4-AAAGOJ","Unilateral / 0.05mm","LIU PING","","Stamping---Plating---Packaging---Finished Product","2018.10.8","2021.11.18 / change raw material width 39mm to 38mm","Use","THAI"
"Jig-Fixture","18","STL","CUT CHAMBER","51207116-JR","","","","Assembly","","5#,6#,7#,8#","","25","Assemble machine / （1 Cav.）","NO","","","","","","","","","","","","","","","Use","THAI"
"Jig-Fixture","19","STL","GV2 6 Plate","W813890060190-JR","","","","Assembly","","4#","","25","Assemble machine / （1 Cav.）","NO","","","","","","","","","","","","","","","Use","THAI"
"Jig-Fixture","20","STL","GV2 9 Plate","W813890890211-JR","","","","Assembly","","4#","","25","Assemble machine / （1 Cav.）","NO","","","","","","","","","","","","","","","Use","THAI"
"Jig-Fixture","21","STL","OUTPUT PHASE CONNECTOR ASSEMBLY","S1B13956","01","D21.TL.30","2024","Reveting","","","","2","Riveting fixture / （2 Cav.）","NO","","","","","S1B13954&GHM12023","","","REG4-AAAPTL","","Song ZiWen","","Riveting---Packaging","2021-12-20","","Use","THAI"
"Jig-Fixture","22","SumiRiko Eastern Rubber (Thailand) Ltd. (ESIE Plant)","CUP","TM-818-1","","","2024","Spot welding","","2#","","","","","","","","","TM-818-1 / TM-818-1-1","","","","","Dong XiLi","","Welding-riveting-selection-packaging","2022-2-13","","Use","THAI"
"Jig-Fixture","23","SumiRiko Eastern Rubber (Thailand) Ltd. (ESIE Plant)","UPR ACTIVE ASSEMBLY","SB-068C-1","","SB-068-1","2024","Co2 welding","","1#","","","Welding Jia / （1 Cav.）","","","","","","SB-068-1-1 / SB-068B-1-2 / SB-068-1-3","","","","","","","Welding--sorting 100%--packaging--Finished Product","20-02-2024","","Use","THAI"
"Jig-Fixture","24","JOYSON","CG BASE UNIT RR","2567475-AA","","","2024","Spot welding","","","","","","","","","","","","","","","","","","","","","Use","THAI"
"Jig-Fixture","25","SumiRiko Eastern Rubber (Thailand) Ltd. (ESIE Plant)","Passive Bracket Assembly","SB-042E-2","","SB-042B-2","2025","Co2 welding","","1#","","50 pcs/H","Welding Jia / （2 Cav.）","L&R","","","","","SB-042B-2-1 / SB-042B-2-2","","","","","Wang Chun Fu","","Welding-riveting-selection-packaging","2021.2.21","","Use","THAI"
"Jig-Fixture","26","SumiRiko Eastern Rubber (Thailand) Ltd. (ESIE Plant)","UPPER PLATE","TM-755A-1","C","jig fixture- / TM755A-1","2025","Co2 welding","","2#/3#","","","Welding Jig / （1 Cav.）","","","","","","","2.9","","","","","","","","","Use","THAI"
"Jig-Fixture","27","SumiRiko Eastern Rubber (Thailand) Ltd. (ESIE Plant)","ACTIVE ASSEMBLY","SB-092C-1","","SB-092B-1","2025","Co2 welding","","1#","","","Welding Jig / （1 Cav.）","","","","","","SB-092B-1-1SB-092B-1-2 SB-092A-1-3SB-092A-1-4 SB-092A-1-5","","","","","","","","","","Use","THAI"
"Jig-Fixture","28","SumiRiko Eastern Rubber (Thailand) Ltd. (ESIE Plant)","BRKT SUB ASSY","SB-104A-1","","","2025","Co2 welding","","","","","Welding Jig / （1 Cav.）","","","","","","","","","","","","","","","","Use","THAI"
"Jig-Fixture","29","JOYSON","RETAINER COMP KNEE","1185577-AD","","","2025","Co2 welding","","1#","","","Welding Jig / （1 Cav.）","","","","","","","","","","","","","","","","Use","THAI"
"Jig-Fixture","30","JOYSON","CE BASE UNIT RR 5677","1185677-AB0","","","2025","Reveting","","","","","","","","","","","","","","","","","","","","","Use","THAI"
